{"cameraMode":{"drawMode":0,"name":"Shaded","section":"Shading Mode"},"sceneLighting":true,"audioPlay":false,"sceneViewState":{"m_AlwaysRefresh":false,"showFog":true,"showSkybox":true,"showFlares":true,"showImageEffects":true,"showParticleSystems":true,"showVisualEffectGraphs":true,"m_FxEnabled":true},"in2DMode":false,"pivot":{"x":10.4774169921875,"y":-8.606491088867188,"z":-103.38880920410156},"rotation":{"x":0.012522239238023758,"y":0.9847807884216309,"z":-0.15368373692035676,"w":0.08023981750011444},"size":105.63501739501953,"orthographic":false}